2024-11-07T20:26:19Z,[object Object]
2024-11-07T15:42:49Z,[object Object]
2024-11-07T07:15:05Z,[object Object]
2024-11-06T23:23:51Z,[object Object]
2024-11-06T23:23:08Z,[object Object]
2024-11-06T23:20:20Z,[object Object]
2024-11-06T23:19:44Z,[object Object]
2024-11-06T23:14:00Z,[object Object]
2024-11-06T22:26:00Z,[object Object]
2024-11-06T22:24:13Z,[object Object]
2024-11-06T15:33:40Z,[object Object]
2024-11-05T21:00:00Z,[object Object]
2024-11-05T20:56:33Z,[object Object]
2024-11-05T17:56:23Z,[object Object]
2024-11-05T17:47:11Z,[object Object]
2024-11-05T17:14:35Z,[object Object]
2024-11-04T18:43:13Z,[object Object]
2024-11-03T22:36:00Z,[object Object]
2024-11-03T21:44:31Z,[object Object]
2024-11-03T21:40:59Z,[object Object]
